{
 "AK": 155785.5148167574,
 "AL": 965133.933240145,
 "AR": 423587.26351251017,
 "AZ": 2374136.9965837826,
 "CA": 624740.927761125,
 "CO": 8126684.1820781855,
 "CT": 1205133.5078930762,
 "DC": 124254.8978009476,
 "DE": 346651.38296905876,
 "FL": 2060449.1042083479,
 "GA": 2702183.569964921,
 "HI": 1569309.89289,
 "IA": 5129331.362525777,
 "ID": 1916230.504443424,
 "IL": 490824.76727236283,
 "IN": 595124.7403270461,
 "KS": 5241694.169496806,
 "KY": 1225003.3216865575,
 "LA": 1107681.7206768126,
 "MA": 1308663.5277491745,
 "MD": 253002.20284073878,
 "ME": 3880965.1934804223,
 "MI": 2330117.7075264105,
 "MN": 1105997.7865466245,
 "MO": 1802622.7278901471,
 "MS": 307022.24502187007,
 "MT": 5805264.165115742,
 "NC": 1197434.9277927408,
 "ND": 578078.6202046267,
 "NE": 9231378.38338389,
 "NH": 2735774.637349476,
 "NJ": 567488.1744689572,
 "NM": 13160730.120459866,
 "NV": 971164.6093989147,
 "NY": 543336.6541805046,
 "OH": 409844.80003156833,
 "OK": 1092149.2279222992,
 "OR": 5887468.935295087,
 "PA": 314342.09302764694,
 "PR": 374941.2982674599,
 "RI": 1080924.6483398997,
 "SC": 1526192.0805676805,
 "SD": 2196379.7470673737,
 "TN": 1832179.4471297942,
 "TX": 4187105.6933350447,
 "UT": 9957495.595195794,
 "VA": 297875.1621381762,
 "VT": 1699987.5133187457,
 "WA": 2028335.8367176186,
 "WI": 5595961.3143673185,
 "WV": 200612.11057173254,
 "WY": 2269540.7444396378
}