{
 "AK": 44711.14708182867,
 "AL": 101655.92174459876,
 "AR": 152012.9368262345,
 "AZ": 91354.32544121033,
 "CA": 3128540.4933330775,
 "CO": 822674.8840147854,
 "CT": 7206.740287865605,
 "DC": 81691.05846848077,
 "DE": 42636.9420279993,
 "FL": 50544.32737389446,
 "GA": 92645.87512238033,
 "HI": 137946.95428194504,
 "IA": 34160.079042903315,
 "ID": 134640.5747631552,
 "IL": 14484.370150831726,
 "IN": 23317.04122492314,
 "KS": 907281.618393445,
 "KY": 41023.27834569625,
 "LA": 184469.2475296423,
 "MA": 46762.51061190091,
 "MD": 53005.41659838729,
 "ME": 404606.92173043545,
 "MI": 65849.40734805776,
 "MN": 233811.7560076987,
 "MO": 27200.69346248007,
 "MS": 32282.644026504433,
 "MT": 1328420.2351705653,
 "NC": 58189.602490123216,
 "ND": 526921.6599664236,
 "NE": 31194.024530580147,
 "NH": 235938.63244603216,
 "NJ": 28718.256165264018,
 "NM": 247942.61892994615,
 "NV": 2229109.9869390638,
 "NY": 31675.012760073565,
 "OH": 22538.075515212156,
 "OK": 1611422.6911406443,
 "OR": 279029.11161453533,
 "PA": 30655.722860668368,
 "PR": 59895.67374441277,
 "RI": 35368.93441124561,
 "SC": 12834.10678659706,
 "SD": 188564.85808016552,
 "TN": 39975.566618269535,
 "TX": 1505710.157080833,
 "UT": 678968.8555203169,
 "VA": 28738.751926020544,
 "VT": 229806.7397625008,
 "WA": 84881.02729966388,
 "WI": 172983.35387761833,
 "WV": 5649.10073879381,
 "WY": 494318.96284658817
}